Total Objects,Memory Usage (MB)
4,43.621376037597656
5,46.72442626953125
6,49.064453125
7,51.6138916015625
8,54.16133117675781
9,56.161338806152344
10,58.70880126953125
11,21.5980224609375
12,23.611732482910156
13,26.49390411376953
14,28.492935180664062
15,30.493064880371094
16,33.59812927246094
17,35.59803009033203
18,37.61170196533203
