Total Objects,Memory Usage (MB)
4,43.55078125
5,46.548828125
6,49.55078125
7,51.55078125
8,53.55665588378906
9,56.548828125
10,58.548828125
11,60.548828125
12,62.548828125
13,65.55078125
14,67.55078125
15,69.55078125
16,71.55078125
17,24.55859375
18,26.55859375
