Total Objects,CPU Usage
4,0.0
5,23.05349084151845
6,24.993356569888885
7,12.1128982193915
8,17.95011178145959
9,15.968273149464506
10,20.4470725115264
11,16.957834293096276
12,14.979883642583186
13,10.866978229840777
14,14.859367657917701
15,13.63802374735795
16,10.938767113485664
17,18.055079164722994
18,21.62450610128507
