Total Objects,CPU Usage
4,8.703009319600124
5,8.703009319600124
6,8.703009319600124
7,19.90930231178884
8,19.90930231178884
9,19.90930231178884
10,21.923305588585016
11,21.923305588585016
12,21.923305588585016
13,18.943938647681392
14,18.943938647681392
15,18.943938647681392
16,20.88581217310846
17,20.88581217310846
18,24.25638706627982
