Total Objects,Memory Usage (MB)
4,45.61387634277344
5,48.16156005859375
6,50.71662139892578
7,52.724700927734375
8,55.064453125
9,57.613868713378906
10,20.44696807861328
11,22.49291229248047
12,24.701171875
13,27.59801483154297
14,29.598045349121094
15,32.098052978515625
16,34.49302673339844
17,36.49311065673828
18,38.701171875
