Total Objects,Memory Usage (MB)
4,44.548828125
5,47.55078125
6,50.548828125
7,52.548828125
8,54.548828125
9,57.55078125
10,59.55078125
11,61.55078125
12,63.55078125
13,66.548828125
14,68.548828125
15,70.548828125
16,72.548828125
17,25.560546875
18,27.560546875
