Total Objects,Memory Usage (MB)
19,29.560546875
20,32.55859375
21,34.55859375
22,36.55859375
23,38.55859375
24,40.55859375
25,43.56056213378906
26,45.560546875
27,47.560546875
28,50.55859375
29,52.55859375
30,55.560546875
31,57.560546875
32,59.560546875
33,61.560546875
34,63.560546875
35,66.55859375
36,68.55859375
37,70.55859375
38,72.55859375
39,74.55859375
40,77.560546875
41,79.560546875
42,81.560546875
43,83.560546875
44,85.56642150878906
45,88.55859375
46,90.55859375
