Total Objects,Memory Usage (MB)
4,44.168846130371094
5,48.16156005859375
6,50.161354064941406
7,52.724700927734375
8,54.71659851074219
9,57.064453125
10,20.252532958984375
11,22.49291229248047
12,24.506622314453125
13,26.701171875
14,29.598045349121094
15,32.098052978515625
16,34.49302673339844
17,36.49311065673828
18,38.50660705566406
